41290,41305
41289,41305
41291,41305
41287,41301
41286,41301
41288,41301
41285,41301
41282,41298
41283,41298
41284,41298
41278,41294
41280,41294
41281,41294
41279,41294
41277,41292
41276,41292
41272,41288
41275,41288
41274,41288
41273,41288
41271,41285
41269,41285
41270,41285
41268,41281
41265,41281
41267,41281
41266,41281
41263,41279
41264,41279
41261,41277
41262,41277
41260,41275
41259,41275
41257,41273
41258,41273
41255,41269
41253,41269
41256,41269
41254,41269
41252,41266
41250,41266
41251,41266
41249,41262
41248,41262
41247,41262
41246,41262
41243,41259
41244,41259
41245,41259
41242,41255
41241,41255
41239,41255
41240,41255
41238,41252
41237,41252
41236,41252
41232,41248
41235,41248
41233,41248
41234,41248
41230,41245
41229,41245
41231,41245
41227,41241
41228,41241
41225,41241
41226,41241
41222,41238
41223,41238
41224,41238
41220,41234
41218,41234
41221,41234
41219,41234
41217,41231
41216,41231
41215,41231
41214,41230
41213,41229
41212,41228
41211,41227
41210,41226
41209,41225
41208,41224
41207,41223
41206,41222
41205,41221
41204,41220
41203,41219
41202,41218
41201,41217
41200,41216
41199,41215
41195,41211
41198,41211
41197,41211
41196,41211
41192,41208
41193,41208
41194,41208
